Sample, Score Unsorted, Score Sorted
01,0.13333333333333333,0.06666666666666667
02,0.14285714285714285,0.07142857142857142
03,0.13333333333333333,0.06666666666666667
04,0.125,0.0625
05,0.13333333333333333,0.06666666666666667
06,0.13333333333333333,0.06666666666666667
07,0.13333333333333333,0.06666666666666667
08,0.13333333333333333,0.06666666666666667
09,0.125,0.0625
10,0.13333333333333333,0.06666666666666667
Mean,0.1326190476190476,0.0663095238095238
