Sample, Score Unsorted, Score Sorted
01,0.125,0.0625
02,0.125,0.0625
03,0.13333333333333333,0.06666666666666667
04,0.125,0.0625
05,0.125,0.0625
06,0.11764705882352941,0.058823529411764705
07,0.125,0.0625
08,0.125,0.0625
09,0.125,0.0625
10,0.125,0.0625
Mean,0.12509803921568627,0.06254901960784313
