Sample, Score Unsorted, Score Sorted
01,0.13333333333333333,0.06666666666666667
02,0.15384615384615385,0.07692307692307693
03,0.15384615384615385,0.07692307692307693
04,0.14285714285714285,0.07142857142857142
05,0.14285714285714285,0.07142857142857142
06,0.125,0.0625
07,0.13333333333333333,0.06666666666666667
08,0.125,0.0625
09,0.125,0.0625
10,0.15384615384615385,0.07692307692307693
Mean,0.1388919413919414,0.0694459706959707
