Sample, Score Unsorted, Score Sorted
01,0.125,0.0625
02,0.11764705882352941,0.058823529411764705
03,0.125,0.0625
04,0.11764705882352941,0.058823529411764705
05,0.125,0.0625
06,0.11764705882352941,0.058823529411764705
07,0.11764705882352941,0.058823529411764705
08,0.125,0.0625
09,0.11764705882352941,0.058823529411764705
10,0.125,0.0625
Mean,0.12132352941176472,0.06066176470588236
