Sample, Score Unsorted, Score Sorted
01,0.5,0.1875
02,0.1875,0.125
03,0.375,0.25
04,0.3125,0.125
05,0.25,0.3125
06,0.3125,0.1875
07,0.5625,0.125
08,0.3125,0.4375
09,0.1875,0.1875
10,0.3125,0.75
Mean,0.33125,0.26875
