Sample, Score Unsorted, Score Sorted
01,0.125,0.125
02,0.125,0.125
03,0.11764705882352941,0.11764705882352941
04,0.125,0.125
05,0.125,0.125
06,0.13333333333333333,0.2
07,0.125,0.25
08,0.125,0.125
09,0.125,0.125
10,0.125,0.125
Mean,0.12509803921568627,0.14426470588235293
