Sample, Score Unsorted, Score Sorted
01,0.13333333333333333,0.13333333333333333
02,0.13333333333333333,0.2
03,0.13333333333333333,0.13333333333333333
04,0.13333333333333333,0.13333333333333333
05,0.13333333333333333,0.13333333333333333
06,0.125,0.1875
07,0.13333333333333333,0.13333333333333333
08,0.125,0.1875
09,0.13333333333333333,0.2
10,0.13333333333333333,0.13333333333333333
Mean,0.13166666666666665,0.1575
