Sample, Score Unsorted, Score Sorted
01,0.3125,0.1875
02,0.375,0.1875
03,0.375,0.4375
04,0.375,0.25
05,0.4375,0.375
06,0.375,0.4375
07,0.1875,0.1875
08,0.3125,0.25
09,0.1875,0.125
10,0.375,0.375
Mean,0.33125,0.28125
